source,target,weight
are,cars,1
are,viral_video,1
are,biden,11
are,trend,2
are,that,17
are,fireworks,1
are,christmascountdown,1
are,boys,1
are,shoplocal,1
are,saudiarabia,1
are,photography,1
are,lgbt,2
are,newyear,1
are,foryou,12
are,facebook,6
are,old,2
are,able,1
are,civilrights,2
are,work,1
are,kindness,1
saudiarabia,souljaboy,4
saudiarabia,artificialintelligence,1
saudiarabia,cars,4
saudiarabia,viral_video,49
saudiarabia,biden,8
saudiarabia,trend,65
saudiarabia,asmr,6
saudiarabia,boys,48
saudiarabia,deadmau5,1
saudiarabia,asia,1
saudiarabia,kyiv,1
saudiarabia,lgbt,1
saudiarabia,soundstouse,1
saudiarabia,germany,1
saudiarabia,mood,1
saudiarabia,cosplay,1
saudiarabia,globalwarming,1
saudiarabia,chi,2
saudiarabia,rogerstone,1
saudiarabia,summer,1
saudiarabia,foryou,1
saudiarabia,photography,1
saudiarabia,facebook,1
saudiarabia,satisfying,1
saudiarabia,work,1
saudiarabia,naturelover,1
saudiarabia,dancer,1
saudiarabia,bolivia,4
solareclipse,viral_video,1
solareclipse,chaos,26
solareclipse,trend,4
solareclipse,volcan,4
solareclipse,asia,1
solareclipse,summer,1
solareclipse,loveyourself,1
solareclipse,photography,2
solareclipse,foryou,1
solareclipse,globalwarming,1
kyiv,biden,5
kyiv,deadmau5,1
kyiv,asia,1
kyiv,summer,1
kyiv,tanks,1
kyiv,photography,1
kyiv,foryou,1
kyiv,germany,1
kyiv,local,1
kyiv,security,1
kyiv,globalwarming,1
foryou,souljaboy,6
foryou,landrover,11
foryou,artificialintelligence,41
foryou,cars,362
foryou,monsterenergy,2
foryou,francemovie,4
foryou,audiobook,1
foryou,pyfãƒ„,7
foryou,anthonydavis,2
foryou,unboxingvideo,11
foryou,reelstiktok,3
foryou,hrvatska,15
foryou,monsterinlaw,2
foryou,nicoletvfunny,1
foryou,viral_video,596
foryou,biden,614
foryou,healthysnacks,11
foryou,gemini,15
foryou,chaos,28
foryou,ironparadise,14
foryou,fantasyart,1
foryou,streaming,38
foryou,sundaymorning,16
foryou,trend,4272
foryou,unknown,8
foryou,albumcover,13
foryou,thankyoulord,1
foryou,pride,243
foryou,sustainableinnovation,1
foryou,shoplocal,127
foryou,plantcare,9
foryou,fashionstyle,29
foryou,downtoearth,6
foryou,groveco,2
foryou,christmascountdown,41
foryou,goodwillbins,26
foryou,reviews,21
foryou,asmr,80
foryou,trafficjam,1
foryou,stpatricksday,1
foryou,grift,2
foryou,blackgirlmagic,1
foryou,recipe,2
foryou,opossum,1
foryou,boys,1
foryou,wreaths,1
foryou,meatlessmonday,1
foryou,imranriazkhan,3
foryou,southaustralia,1
foryou,deadmau5,1
foryou,volcan,1
foryou,asia,1
foryou,supercar,1
foryou,breakfast,1
foryou,old,1
foryou,lgbt,1
foryou,notapet,1
foryou,leviathan,1
foryou,secondhandfashion,1
foryou,soundstouse,80
foryou,staysmilingðŸ¥°ðŸ˜‰,13
foryou,govols,1
foryou,mon,1
foryou,spraypaint,1
foryou,puertoricogram,1
foryou,biochemistry,1
foryou,flyingtiger,2
foryou,infection,1
foryou,healthyhairtips,1
foryou,storagehacks,3
foryou,MakeSomeoneSmile,1
foryou,beans,1
foryou,characters,3
foryou,spice,1
foryou,germany,1
foryou,guccigucci,1
foryou,mood,1
foryou,kindness,1
foryou,partymusik,3
foryou,nineties,2
foryou,cosplay,1
foryou,dccomics,6
foryou,makeupof,1
foryou,arizonacheck,1
foryou,oklahoma,1
foryou,cactuslovers,1
foryou,established,1
foryou,globalwarming,3
foryou,birthdefect,1
foryou,embracingchange,1
foryou,productivity,2
foryou,BillboardNXT,1
foryou,chi,14
foryou,loveyourself,2
foryou,earthsong,1
foryou,rogerstone,4
foryou,security,6
foryou,veterans,3
foryou,able,1
foryou,summer,1
foryou,sebastianstan,5
foryou,that,1
foryou,aicontribution,1
foryou,fireworks,2
foryou,secondhand,1
foryou,naturelover,2
foryou,marineconservation,1
foryou,dancer,1
foryou,indonesianchips,1
foryou,results,1
foryou,nomakeup,4
foryou,compliment,1
foryou,hierophant,1
foryou,witchythings,2
foryou,ubinas,1
foryou,photography,6
foryou,blondehairgirl,1
foryou,igp,1
foryou,tanks,1
foryou,fashionweek,2
foryou,hospitaltiktoks,1
foryou,findingpeace,2
foryou,newyear,1
foryou,minion,3
foryou,recession,1
foryou,childtiktok,2
foryou,parentingtips,16
foryou,facebook,36
foryou,socialisttiktok,2
foryou,reusablepadsbyseweco,1
foryou,civilrights,1
foryou,ilovesnakes,2
foryou,breakeverychain,1
foryou,marine,1
foryou,wood,1
foryou,sauna,1
foryou,work,1
foryou,supplementsthatwork,1
foryou,yumm,1
foryou,satisfying,1
foryou,local,1
foryou,bolivia,1
foryou,mutualaid,2
foryou,taylor,1
dccomics,monsterenergy,1
dccomics,ironparadise,7
dccomics,streaming,1
dccomics,trend,1
dccomics,pride,1
dccomics,shoplocal,1
dccomics,goodwillbins,1
dccomics,asmr,3
dccomics,asia,1
dccomics,lgbt,1
dccomics,cosplay,16
dccomics,summer,1
dccomics,secondhand,1
dccomics,facebook,2
dccomics,loveyourself,1
dccomics,work,1
dccomics,satisfying,1
dccomics,local,1
dccomics,photography,2
dccomics,newyear,6
satisfying,landrover,1
satisfying,artificialintelligence,2
satisfying,cars,98
satisfying,unboxingvideo,4
satisfying,hrvatska,1
satisfying,viral_video,189
satisfying,healthysnacks,2
satisfying,gemini,1
satisfying,chaos,1
satisfying,sundaymorning,2
satisfying,trend,483
satisfying,pride,378
satisfying,shoplocal,5
satisfying,christmascountdown,5
satisfying,asmr,1
satisfying,stpatricksday,1
satisfying,recipe,1
satisfying,boys,4
satisfying,southaustralia,1
satisfying,deadmau5,2
satisfying,supercar,22
satisfying,breakfast,1
satisfying,old,1
satisfying,lgbt,2
satisfying,spraypaint,10
satisfying,storagehacks,1
satisfying,beans,6
satisfying,spice,1
satisfying,germany,2
satisfying,mood,1
satisfying,kindness,1
satisfying,cosplay,1
satisfying,oklahoma,1
satisfying,productivity,1
satisfying,loveyourself,1
satisfying,summer,1
satisfying,newyear,1
satisfying,photography,1
satisfying,facebook,1
satisfying,marine,1
satisfying,fireworks,1
satisfying,anvil,1
satisfying,naturelover,1
satisfying,wood,1
satisfying,local,1
satisfying,work,2
results,healthysnacks,1
results,trend,1
results,breakfast,3
results,loveyourself,219
results,security,1
results,summer,1
results,photography,219
results,work,13
results,supplementsthatwork,1
boys,viral_video,5
boys,biden,1
boys,trend,133
boys,pride,8
boys,asmr,6
boys,that,1
boys,summer,3
boys,secondhand,1
boys,dancer,1
boys,chi,4
boys,asia,1
boys,loveyourself,1
boys,security,1
boys,photography,1
boys,germany,2
boys,facebook,2
boys,lgbt,2
boys,taylor,1
boys,cosplay,69
boys,secondhandfashion,1
boys,work,10
boys,canyoudoit,1
boys,productivity,1
boys,deadmau5,1
boys,kindness,2
boys,newyear,1
able,that,1
reelstiktok,naturelover,1
reelstiktok,recipe,1
reelstiktok,blackgirlmagic,2
reelstiktok,chaos,1
reelstiktok,asmr,1
reelstiktok,trend,5
reelstiktok,work,157
reelstiktok,marine,1
reelstiktok,mood,1
sauna,shoplocal,1
sauna,loveyourself,1
sauna,summer,1
facebook,artificialintelligence,6
facebook,cars,3
facebook,francemovie,4
facebook,pyfãƒ„,15
facebook,unboxingvideo,1
facebook,viral_video,15
facebook,biden,17
facebook,gemini,5
facebook,streaming,2
facebook,trend,80
facebook,unknown,2
facebook,pride,2
facebook,shoplocal,4
facebook,reviews,50
facebook,asmr,10
facebook,stpatricksday,1
facebook,blackgirlmagic,1
facebook,recipe,1
facebook,deadmau5,12
facebook,volcan,1
facebook,asia,1
facebook,breakfast,1
facebook,old,16
facebook,lgbt,1
facebook,soundstouse,4
facebook,beans,1
facebook,characters,5
facebook,germany,14
facebook,mood,1
facebook,kindness,1
facebook,cosplay,1
facebook,globalwarming,1
facebook,BillboardNXT,3
facebook,chi,1
facebook,loveyourself,103
facebook,security,3
facebook,summer,2
facebook,sebastianstan,1
facebook,newyear,3
facebook,photography,1
facebook,ubinas,1
facebook,yumm,1
facebook,taylor,6
facebook,recession,1
facebook,secondhand,1
facebook,marineconservation,1
facebook,dancer,1
facebook,wood,1
facebook,local,1
facebook,civilrights,6
facebook,marine,5
facebook,work,1
cars,souljaboy,1
cars,landrover,28
cars,artificialintelligence,2
cars,pride,2
cars,that,1
cars,supercar,39
cars,summer,42
cars,fireworks,1
cars,secondhand,2
cars,naturelover,1
cars,recipe,2
cars,dancer,1
cars,lionsgateportal,1
cars,compliment,1
cars,biden,4
cars,viral_video,2
cars,shoplocal,5
cars,trafficjam,1
cars,asia,4
cars,photography,72
cars,blackgirlmagic,1
cars,breakfast,1
cars,lgbt,4
cars,loveyourself,1
cars,newyear,3
cars,security,1
cars,globalwarming,3
cars,streaming,1
cars,oklahoma,40
cars,germany,22
cars,southaustralia,1
cars,old,1
cars,cosplay,2
cars,secondhandfashion,2
cars,deadmau5,3
cars,kindness,3
cars,asmr,10
cars,wood,18
cars,trend,26
cars,local,3
cars,bolivia,2
cars,marine,1
cars,work,14
civilrights,viral_video,1
civilrights,biden,12
civilrights,trend,5
civilrights,pride,7
civilrights,blackgirlmagic,1
civilrights,lgbt,2
civilrights,germany,1
civilrights,kindness,1
civilrights,oklahoma,2
civilrights,globalwarming,4
civilrights,summer,1
civilrights,photography,1
civilrights,mutualaid,1
civilrights,bigeasy,1
civilrights,work,2
civilrights,local,3
hrvatska,dancer,14
hrvatska,asmr,1
hrvatska,trend,1
hrvatska,albumcover,1
hrvatska,germany,14
old,monsterenergy,1
old,viral_video,3
old,biden,31
old,amusing,5
old,streaming,1
old,trend,43
old,pride,2
old,shoplocal,1
old,blackgirlmagic,1
old,deadmau5,1
old,asia,1
old,supercar,2
old,breakfast,2
old,that,1
old,summer,1
old,secondhand,1
old,chi,1
old,infection,1
old,photography,1
old,spice,1
old,lgbt,103
old,loveyourself,1
old,security,1
old,soundstouse,1
old,mood,1
old,marine,1
old,wood,1
old,local,1
old,germany,2
old,secondhandfashion,1
old,work,1
old,kindness,1
ilovesnakes,naturelover,2
notapet,photography,2
globalwarming,pyfãƒ„,15
globalwarming,viral_video,7
globalwarming,biden,29
globalwarming,streaming,1
globalwarming,trend,37
globalwarming,pride,2
globalwarming,shoplocal,3
globalwarming,asmr,1
globalwarming,trafficjam,1
globalwarming,volcan,1
globalwarming,asia,1
globalwarming,breakfast,1
globalwarming,lgbt,3
globalwarming,govols,1
globalwarming,spraypaint,1
globalwarming,infection,3
globalwarming,germany,1
globalwarming,cosplay,19
globalwarming,oklahoma,4
globalwarming,summer,1
globalwarming,fireworks,1
globalwarming,secondhand,2
globalwarming,naturelover,2
globalwarming,marineconservation,1
globalwarming,veterans,1
globalwarming,ubinas,1
globalwarming,photography,1
globalwarming,productivity,1
globalwarming,newyear,1
globalwarming,recession,1
globalwarming,earthsong,1
globalwarming,wood,42
globalwarming,local,1
globalwarming,mutualaid,1
globalwarming,marine,1
globalwarming,work,1
mutualaid,trend,1
mutualaid,asmr,1
mutualaid,recipe,1
mutualaid,asia,27
mutualaid,lgbt,2
mutualaid,germany,3
mutualaid,loveyourself,1
mutualaid,summer,1
mutualaid,newyear,1
mutualaid,photography,1
mutualaid,recession,3
mutualaid,secondhand,1
mutualaid,bolivia,1
streaming,artificialintelligence,2
streaming,biden,2
streaming,summer,2
streaming,dancer,2
streaming,chi,2
streaming,photography,2
streaming,lgbt,19
streaming,deadmau5,4
streaming,security,1
streaming,stpatricksday,1
streaming,trend,3
streaming,cosplay,2
streaming,germany,2
ubinas,volcan,1
ubinas,germany,1
ubinas,summer,2
secondhandfashion,unboxingvideo,4
secondhandfashion,trend,13
secondhandfashion,pride,1
secondhandfashion,sustainableinnovation,1
secondhandfashion,shoplocal,103
secondhandfashion,fashionstyle,15
secondhandfashion,goodwillbins,10
secondhandfashion,southaustralia,1
secondhandfashion,grungeinspo,1
secondhandfashion,summer,2
secondhandfashion,secondhand,1
secondhandfashion,photography,1
secondhandfashion,loveyourself,1
secondhandfashion,fashionweek,1
secondhandfashion,newyear,1
secondhandfashion,nineties,1
secondhandfashion,taylor,1
secondhandfashion,cosplay,1
christmascountdown,viral_video,1
christmascountdown,healthysnacks,2
christmascountdown,sundaymorning,1
christmascountdown,trend,8
christmascountdown,pride,1
christmascountdown,shoplocal,17
christmascountdown,fashionstyle,1
christmascountdown,asmr,5
christmascountdown,marine,1
christmascountdown,healthyskincare,1
christmascountdown,breakfast,2
christmascountdown,lgbt,1
christmascountdown,recipe,6
christmascountdown,loveyourself,1
christmascountdown,mood,3
christmascountdown,goodwillbins,1
christmascountdown,productivity,1
christmascountdown,photography,13
christmascountdown,storagehacks,1
christmascountdown,kindness,1
christmascountdown,newyear,14
taylor,viral_video,1
taylor,biden,2
taylor,trend,1
taylor,unknown,1
taylor,pride,1
taylor,goodwillbins,3
taylor,deadmau5,1
taylor,lgbt,10
taylor,biochemistry,1
taylor,germany,1
taylor,mood,1
taylor,kindness,3
taylor,partymusik,1
taylor,cosplay,1
taylor,loveyourself,1
taylor,summer,1
taylor,secondhand,3
taylor,dancer,1
taylor,fashionweek,1
taylor,work,1
nomakeup,viral_video,1
nomakeup,gemini,1
nomakeup,trend,5
nomakeup,blackgirlmagic,1
nomakeup,breakfast,1
nomakeup,kindness,2
nomakeup,loveyourself,3
nomakeup,work,1
nomakeup,secondhand,12
recipe,unboxingvideo,1
recipe,viral_video,22
recipe,healthysnacks,6
recipe,sundaymorning,1
recipe,trend,137
recipe,pride,2
recipe,shoplocal,7
recipe,fruitsmoothie,1
recipe,fashionstyle,45
recipe,asmr,1
recipe,stpatricksday,2
recipe,blackgirlmagic,1
recipe,summer,2
recipe,fireworks,1
recipe,secondhand,1
recipe,asia,6
recipe,healthyskincare,1
recipe,breakfast,1
recipe,loveyourself,2
recipe,yumm,1
recipe,meatlessmonday,1
recipe,photography,1
recipe,oklahoma,1
recipe,obishouseonamonday,1
recipe,germany,1
recipe,beans,1
recipe,productivity,1
recipe,recession,1
recipe,minion,2
recipe,kindness,11
recipe,newyear,1
recipe,witchythings,2
recipe,spice,1
recipe,local,1
recipe,mood,1
recipe,bolivia,13
recipe,dancer,3
recipe,marineconservation,2
recipe,veterans,1
recipe,lgbt,1
recipe,work,2
recipe,puertoricogram,2
marine,monsterenergy,1
marine,viral_video,159
marine,biden,16
marine,trend,128
marine,asmr,1
marine,southaustralia,1
marine,asia,1
marine,lgbt,4
marine,beans,2
marine,germany,1
marine,mood,1
marine,kindness,2
marine,productivity,3
marine,loveyourself,1
marine,veterans,1
marine,summer,1
marine,newyear,1
marine,photography,11
marine,fireworks,19
marine,naturelover,1
marine,marineconservation,1
marine,tanks,1
marine,wood,1
marine,local,1
marine,work,1
plantcare,chaos,1
plantcare,summer,2
plantcare,secondhand,1
plantcare,beans,1
plantcare,witchythings,1
plantcare,asia,1
plantcare,spice,1
plantcare,lgbt,2
plantcare,asmr,1
wreaths,summer,1
wreaths,fireworks,1
wreaths,veterans,2
wreaths,newyear,1
wreaths,cosplay,1
kindness,viral_video,11
kindness,biden,1
kindness,fantasyart,1
kindness,trend,69
kindness,pride,24
kindness,reviews,1
kindness,asmr,2
kindness,blackgirlmagic,1
kindness,breakfast,80
kindness,lgbt,1
kindness,soundstouse,1
kindness,blackwomenphysicians,2
kindness,MakeSomeoneSmile,3
kindness,beans,1
kindness,germany,2
kindness,mood,1
kindness,that,1
kindness,summer,1
kindness,fireworks,1
kindness,veterans,1
kindness,photography,1
kindness,productivity,1
kindness,loveyourself,2
kindness,findingpeace,1
kindness,newyear,1
kindness,parentingtips,1
kindness,cosplay,1
kindness,oklahoma,1
kindness,local,1
kindness,work,1
trafficjam,trend,1
trafficjam,germany,3
chi,biden,3
chi,trend,1
chi,asmr,3
chi,deadmau5,1
chi,asia,5
chi,breakfast,1
chi,germany,1
chi,cosplay,1
chi,dancer,1
chi,wood,4
hospitaltiktoks,viral_video,2
hospitaltiktoks,trend,2
hospitaltiktoks,asmr,1
wood,monsterenergy,1
wood,unboxingvideo,1
wood,viral_video,155
wood,biden,1
wood,trend,90
wood,pride,3
wood,shoplocal,200
wood,asmr,1
wood,asia,5
wood,breakfast,2
wood,lgbt,1
wood,spraypaint,1
wood,beans,1
wood,germany,3
wood,mood,80
wood,cosplay,1
wood,oklahoma,1
wood,loveyourself,2
wood,summer,1
wood,newyear,1
wood,photography,13
wood,that,1
wood,witchythings,2
wood,fireworks,1
wood,work,1
wood,dancer,2
wood,local,1
wood,naturelover,4
wood,minion,1
wood,secondhand,2
southaustralia,trend,6
southaustralia,summer,1
southaustralia,secondhand,1
southaustralia,naturelover,2
southaustralia,newyear,3
southaustralia,work,1
asia,souljaboy,5
asia,viral_video,3
asia,biden,5
asia,sundaymorning,2
asia,trend,30
asia,reviews,1
asia,asmr,1
asia,blackgirlmagic,1
asia,deadmau5,1
asia,that,1
asia,summer,1
asia,naturelover,14
asia,dancer,2
asia,beans,1
asia,breakfast,1
asia,mon,1
asia,loveyourself,1
asia,spice,2
asia,security,1
asia,tanks,1
asia,bolivia,1
asia,photography,1
asia,oklahoma,1
asia,germany,1
asia,lgbt,6
asia,socialisttiktok,1
asia,cosplay,2
asia,work,1
asia,recession,1
asia,minion,1
asia,newyear,1
albumcover,trend,5
albumcover,that,1
albumcover,summer,1
albumcover,secondhand,1
albumcover,marineconservation,1
albumcover,dancer,1
albumcover,germany,2
parentingtips,biden,1
parentingtips,pride,1
parentingtips,shoplocal,1
parentingtips,meatlessmonday,1
parentingtips,lgbt,28
parentingtips,loveyourself,2
parentingtips,summer,1
parentingtips,photography,1
parentingtips,that,1
parentingtips,work,1
parentingtips,naturelover,1
fantasyart,audiobook,1
fantasyart,gemini,1
fantasyart,photography,2
fantasyart,cosplay,3
groveco,summer,2
groveco,asmr,1
arizonacheck,asmr,12
arizonacheck,summer,2
monsterinlaw,pride,1
monsterinlaw,lgbt,1
bielefeld,summer,1
bielefeld,photography,27
transformyourlife,viral_video,1
transformyourlife,trend,1
transformyourlife,embracingchange,2
anvil,trend,4
anvil,work,2
anvil,secondhand,1
ironparadise,asmr,6
francemovie,deadmau5,4
sebastianstan,deadmau5,1
sebastianstan,cosplay,2
sebastianstan,summer,1
sebastianstan,photography,1
sebastianstan,work,1
newyear,unboxingvideo,1
newyear,viral_video,2
newyear,chaos,2
newyear,trend,38
newyear,pride,2
newyear,shoplocal,12
newyear,asmr,1
newyear,blackgirlmagic,3
newyear,deadmau5,1
newyear,breakfast,1
newyear,lgbt,3
newyear,characters,22
newyear,spice,1
newyear,germany,1
newyear,mood,2
newyear,cosplay,2
newyear,oklahoma,1
newyear,loveyourself,2
newyear,summer,4
newyear,poweroutage,6
newyear,that,1
newyear,fireworks,1
newyear,secondhand,1
newyear,dancer,1
newyear,hierophant,1
newyear,photography,1
newyear,recession,1
newyear,local,1
newyear,bolivia,1
newyear,work,1
naturelover,viral_video,3
naturelover,biden,5
naturelover,amusing,1
naturelover,trend,6
naturelover,shoplocal,1
naturelover,fashionstyle,1
naturelover,asmr,1
naturelover,blackgirlmagic,1
naturelover,lgbt,1
naturelover,puertoricogram,1
naturelover,guccigucci,1
naturelover,mood,1
naturelover,cosplay,1
naturelover,loveyourself,73
naturelover,earthsong,1
naturelover,veterans,1
naturelover,summer,1
naturelover,photography,2
naturelover,marineconservation,1
naturelover,work,2
naturelover,findingpeace,1
naturelover,dancer,55
unknown,trend,1
unknown,loveyourself,1
unknown,security,30
unknown,mood,1
unknown,deadmau5,1
unknown,igp,1
monsterenergy,viral_video,1
monsterenergy,breakfast,1
monsterenergy,trend,1
monsterenergy,work,2
unboxingvideo,reviews,3
unboxingvideo,that,1
unboxingvideo,asmr,14
unboxingvideo,summer,4
unboxingvideo,lgbt,1
unboxingvideo,shoplocal,1
unboxingvideo,staubtok,1
unboxingvideo,security,1
unboxingvideo,viral_video,1
unboxingvideo,secondhand,3
unboxingvideo,photography,2
asmr,pyfãƒ„,2
asmr,viral_video,32
asmr,biden,1
asmr,healthysnacks,2
asmr,sundaymorning,2
asmr,trend,366
asmr,pride,337
asmr,shoplocal,48
asmr,fashionstyle,1
asmr,goodwillbins,2
asmr,summer,1
asmr,fireworks,5
asmr,secondhand,1
asmr,dancer,1
asmr,spraypaint,2
asmr,beans,2
asmr,storagehacks,1
asmr,photography,1
asmr,blackgirlmagic,1
asmr,breakfast,1
asmr,spice,1
asmr,productivity,1
asmr,lgbt,1
asmr,loveyourself,1
asmr,tanks,1
asmr,recession,1
asmr,govols,1
asmr,deadmau5,1
asmr,yumm,1
asmr,oklahoma,2
asmr,local,1
asmr,work,1
asmr,germany,1
asmr,cosplay,3
asmr,stpatricksday,1
asmr,opossum,1
asmr,mood,22
asmr,bolivia,1
asmr,supplementsthatwork,1
trend,landrover,3
trend,artificialintelligence,3
trend,pyfãƒ„,2
trend,viral_video,414
trend,biden,206
trend,healthysnacks,2
trend,gemini,12
trend,chaos,2
trend,sundaymorning,17
trend,makeupof,1
trend,reviews,10
trend,pride,154
trend,that,3
trend,supercar,2
trend,summer,217
trend,fireworks,26
trend,secondhand,84
trend,marineconservation,2
trend,dancer,280
trend,veterans,42
trend,beans,4
trend,hierophant,51
trend,witchythings,2
trend,infection,1
trend,birthdefect,1
trend,shoplocal,4
trend,volcan,12
trend,photography,1094
trend,blondehairgirl,10
trend,blackgirlmagic,36
trend,breakfast,60
trend,spice,1
trend,productivity,12
trend,lgbt,293
trend,loveyourself,164
trend,tanks,7
trend,mon,3
trend,fashionweek,3
trend,minion,1
trend,recession,2
trend,govols,15
trend,characters,2
trend,deadmau5,27
trend,puertoricogram,1
trend,security,3
trend,stpatricksday,4
trend,fashionstyle,20
trend,mood,191
trend,summerjob,6
trend,oklahoma,65
trend,work,268
trend,cosplay,21
trend,supplementsthatwork,1
trend,yumm,1
trend,local,28
trend,germany,179
trend,opossum,1
trend,bolivia,2
trend,guccigucci,1
fireworks,viral_video,2
fireworks,biden,1
fireworks,chaos,2
fireworks,sundaymorning,15
fireworks,reviews,4
fireworks,lgbt,1
fireworks,govols,13
fireworks,oklahoma,1
fireworks,loveyourself,1
fireworks,veterans,2
fireworks,summer,2
fireworks,photography,2
fireworks,breakeverychain,1
fireworks,work,1
fireworks,dancer,1
germany,souljaboy,1
germany,artificialintelligence,1
germany,pyfãƒ„,15
germany,viral_video,4
germany,biden,55
germany,chaos,1
germany,pride,3
germany,shoplocal,1
germany,fashionstyle,1
germany,stpatricksday,1
germany,blackgirlmagic,1
germany,deadmau5,1
germany,volcan,1
germany,supercar,1
germany,lgbt,1
germany,soundstouse,1
germany,that,1
germany,summer,2
germany,secondhand,2
germany,marineconservation,1
germany,dancer,1
germany,veterans,1
germany,photography,40
germany,BillboardNXT,2
germany,loveyourself,1
germany,tanks,1
germany,minion,1
germany,recession,2
germany,socialisttiktok,6
germany,security,1
germany,mood,103
germany,cosplay,1
germany,oklahoma,1
germany,local,1
germany,bolivia,1
germany,work,3
compliment,lgbt,21
compliment,MakeSomeoneSmile,1
compliment,summer,2
healthysnacks,summer,1
healthysnacks,fruitsmoothie,1
healthysnacks,cosplay,1
healthysnacks,work,2
healthysnacks,blackgirlmagic,1
healthysnacks,breakfast,5
healthysnacks,photography,3
makeupof,viral_video,1
makeupof,summer,2
tanks,viral_video,1
tanks,biden,9
tanks,veterans,1
tanks,summer,1
tanks,photography,1
tanks,work,6
mood,viral_video,3
mood,chaos,1
mood,pride,24
mood,shoplocal,1
mood,fashionstyle,3
mood,stpatricksday,1
mood,blackgirlmagic,1
mood,deadmau5,1
mood,breakfast,1
mood,lgbt,1
mood,govols,1
mood,biochemistry,1
mood,infection,1
mood,characters,1
mood,guccigucci,1
mood,summer,49
mood,secondhand,1
mood,marineconservation,2
mood,witchythings,1
mood,photography,1
mood,loveyourself,21
mood,security,38
mood,local,1
mood,work,2
yumm,sundaymorning,1
yumm,breakfast,2
yumm,spice,1
yumm,oklahoma,1
yumm,summer,1
yumm,photography,1
findingpeace,embracingchange,1
findingpeace,loveyourself,1
findingpeace,photography,1
landrover,viral_video,3
landrover,photography,5
landrover,recession,1
landrover,local,1
igp,security,1
blackwomenphysicians,blackgirlmagic,2
blackwomenphysicians,dancer,1
lgbt,viral_video,16
lgbt,biden,56
lgbt,gemini,9
lgbt,pride,450
lgbt,shoplocal,4
lgbt,fashionstyle,8
lgbt,reviews,2
lgbt,stpatricksday,2
lgbt,blackgirlmagic,1
lgbt,breakfast,1
lgbt,that,1
lgbt,summer,1
lgbt,secondhand,1
lgbt,dancer,1
lgbt,veterans,1
lgbt,spraypaint,1
lgbt,witchythings,1
lgbt,photography,1
lgbt,spice,1
lgbt,loveyourself,2
lgbt,security,4
lgbt,oklahoma,1
lgbt,cosplay,14
lgbt,recession,1
lgbt,fashionweek,1
lgbt,bolivia,1
lgbt,breakeverychain,1
lgbt,work,3
lgbt,earthsong,1
bigeasy,flymore,1
fruitsmoothie,breakfast,1
amusing,artificialintelligence,1
amusing,summer,2
fashionstyle,pride,9
fashionstyle,shoplocal,8
fashionstyle,reviews,8
fashionstyle,summer,21
fashionstyle,secondhand,16
fashionstyle,photography,87
fashionstyle,blackgirlmagic,2
fashionstyle,loveyourself,2
fashionstyle,fashionweek,19
fashionstyle,cosplay,1
fashionstyle,work,3
fashionstyle,local,1
cactuslovers,blackgirlmagic,14
cactuslovers,photography,1
biden,artificialintelligence,2
biden,viral_video,4
biden,poweroutage,1
biden,pride,22
biden,summer,35
biden,marineconservation,1
biden,dancer,2
biden,veterans,34
biden,rogerstone,1
biden,breakfast,1
biden,chaos,2
biden,loveyourself,4
biden,security,32
biden,photography,7
biden,oklahoma,32
biden,blackgirlmagic,2
biden,socialisttiktok,5
biden,cosplay,3
biden,grift,15
biden,deadmau5,9
biden,recession,3
biden,spice,1
biden,local,2
biden,infection,5
biden,work,10
socialisttiktok,gemini,1
socialisttiktok,pride,2
socialisttiktok,veterans,1
socialisttiktok,work,1
stpatricksday,shoplocal,1
stpatricksday,summer,1
stpatricksday,photography,1
stpatricksday,blackgirlmagic,4
stpatricksday,breakfast,1
stpatricksday,loveyourself,1
stpatricksday,oklahoma,1
stpatricksday,work,1
gemini,loveyourself,2
gemini,summer,4
gemini,blackgirlmagic,3
gemini,dancer,1
gemini,photography,1
gemini,shoplocal,1
beans,viral_video,2
beans,chaos,2
beans,pride,1
beans,shoplocal,1
beans,breakfast,1
beans,storagehacks,3
beans,summer,1
beans,witchythings,2
beans,local,1
hierophant,chaos,5
pozitivinfluenz,breakfast,19
pozitivinfluenz,loveyourself,1
spraypaint,pride,1
spraypaint,summer,1
spraypaint,work,12
spraypaint,photography,1
spraypaint,characters,2
veterans,chaos,1
veterans,pride,1
veterans,shoplocal,1
veterans,breakfast,3
veterans,oklahoma,3
veterans,security,3
veterans,summer,1
veterans,local,1
veterans,photography,2
summer,artificialintelligence,4
summer,lovehorses,1
summer,pyfãƒ„,15
summer,viral_video,60
summer,chaos,2
summer,sundaymorning,1
summer,pride,35
summer,shoplocal,47
summer,goodwillbins,3
summer,reviews,1
summer,blackgirlmagic,10
summer,deadmau5,1
summer,volcan,36
summer,breakfast,1
summer,mon,1
summer,lionsgateportal,1
summer,puertoricogram,1
summer,infection,1
summer,nineties,1
summer,cosplay,1
summer,oklahoma,1
summer,productivity,2
summer,loveyourself,2
summer,security,1
summer,that,2
summer,summerjob,28
summer,fashionweek,14
summer,local,1
summer,marineconservation,1
summer,work,2
summer,photography,1
summer,secondhand,3
summer,recession,1
summer,bolivia,1
summer,dancer,1
summer,supplementsthatwork,1
BillboardNXT,deadmau5,1
BillboardNXT,cosplay,1
souljaboy,reviews,1
souljaboy,photography,2
souljaboy,deadmau5,4
spice,pride,1
spice,blackgirlmagic,1
spice,dancer,1
spice,photography,1
spice,work,1
spice,local,1
that,artificialintelligence,3
that,viral_video,1
that,pride,2
that,reviews,1
that,blackgirlmagic,1
that,supercar,1
that,characters,19
that,oklahoma,1
that,photography,1
that,work,1
rogerstone,pride,2
secondhand,pride,3
secondhand,shoplocal,198
secondhand,goodwillbins,51
secondhand,reviews,1
secondhand,grungeinspo,3
secondhand,supercar,1
secondhand,breakfast,5
secondhand,storagehacks,51
secondhand,nineties,1
secondhand,cosplay,1
secondhand,loveyourself,1
secondhand,photography,10
secondhand,work,2
secondhand,fashionweek,1
secondhand,local,1
storagehacks,reviews,1
grift,pride,1
grift,recession,1
infection,loveyourself,1
infection,work,1
infection,local,1
infection,security,1
infection,photography,4
pride,viral_video,10
pride,reviews,1
pride,breakfast,6
pride,loveyourself,71
pride,security,5
pride,photography,98
pride,oklahoma,3
pride,blackgirlmagic,19
pride,cosplay,27
pride,productivity,10
pride,deadmau5,2
pride,fashionweek,3
pride,witchythings,2
pride,local,3
pride,dancer,10
pride,breakeverychain,1
pride,shoplocal,70
pride,work,40
characters,cosplay,1
characters,work,1
blondehairgirl,photography,1
artificialintelligence,photography,6
artificialintelligence,breakfast,1
artificialintelligence,productivity,1
artificialintelligence,loveyourself,1
artificialintelligence,security,2
artificialintelligence,oklahoma,2
artificialintelligence,work,4
goodwillbins,shoplocal,9
goodwillbins,photography,1
goodwillbins,cosplay,1
goodwillbins,local,1
fashionweek,viral_video,1
fashionweek,shoplocal,2
fashionweek,blackgirlmagic,14
fashionweek,loveyourself,1
fashionweek,photography,1
fashionweek,work,1
fashionweek,dancer,1
breakfast,viral_video,17
breakfast,sundaymorning,9
breakfast,shoplocal,8
breakfast,reviews,7
breakfast,blackgirlmagic,1
breakfast,dancer,1
breakfast,photography,3
breakfast,mon,1
breakfast,loveyourself,3
breakfast,productivity,1
breakfast,local,1
breakfast,work,1
breakeverychain,photography,2
partymusik,deadmau5,49
earthsong,photography,1
puertoricogram,photography,1
oklahoma,viral_video,1
oklahoma,cosplay,1
oklahoma,photography,1
oklahoma,loveyourself,1
oklahoma,work,3
viral_video,loveyourself,15
viral_video,photography,12
viral_video,blackgirlmagic,6
viral_video,cosplay,25
viral_video,productivity,4
viral_video,local,1
viral_video,work,91
reviews,local,50
audiobook,poweroutage,1
audiobook,chaos,2
guccigucci,loveyourself,1
chaos,poweroutage,1
chaos,photography,2
chaos,work,5
chaos,security,1
bolivia,loveyourself,30
bolivia,photography,2
bolivia,recession,3
productivity,cosplay,1
productivity,photography,1
productivity,loveyourself,1
productivity,work,1
westerncape,work,1
cosplay,shoplocal,2
cosplay,blackgirlmagic,1
cosplay,deadmau5,1
cosplay,soundstouse,1
cosplay,dancer,2
cosplay,witchythings,2
cosplay,photography,1
cosplay,loveyourself,1
cosplay,minion,1
cosplay,work,2
blackgirlmagic,shoplocal,1
blackgirlmagic,marineconservation,1
blackgirlmagic,dancer,1
blackgirlmagic,witchythings,1
blackgirlmagic,photography,1
blackgirlmagic,loveyourself,1
blackgirlmagic,local,12
blackgirlmagic,work,1
flymore,local,1
flymore,work,1
downtoearth,loveyourself,5
recession,loveyourself,1
recession,photography,1
recession,work,1
recession,local,2
local,shoplocal,84
local,photography,16
local,work,1
sundaymorning,dancer,6
sundaymorning,govols,20
sundaymorning,loveyourself,1
sundaymorning,work,1
sundaymorning,photography,5
security,mon,2
security,loveyourself,2
security,witchythings,1
security,photography,1
security,work,1
nineties,shoplocal,6
nineties,photography,2
photography,lovehorses,1
photography,pyfãƒ„,2
photography,shoplocal,77
photography,volcan,1
photography,supercar,1
photography,govols,3
photography,mon,2
photography,loveyourself,1
photography,marineconservation,1
photography,dancer,2
photography,witchythings,1
photography,minion,24
photography,work,1
deadmau5,dancer,1
deadmau5,loveyourself,10
deadmau5,soundstouse,1
deadmau5,work,1
soundstouse,work,1
minion,shoplocal,1
minion,dancer,1
MakeSomeoneSmile,shoplocal,1
govols,dancer,2
loveyourself,shoplocal,7
loveyourself,dancer,1
loveyourself,witchythings,1
loveyourself,work,1
dancer,work,1
work,shoplocal,2
work,witchythings,1
work,poweroutage,1
shoplocal,marineconservation,2
